question_id,category,question,model_answer,keywords
1,HR,Tell me about yourself.,I am a final year computer science student with strong interest in software development and problem solving. I have worked on projects involving web development and data analysis and I am looking for an opportunity to apply my technical skills in a challenging role while continuing to learn.,computer science;projects;skills;opportunity;learn
2,HR,Why should we hire you?,I have the right combination of technical skills and problem solving ability required for this role. I am a quick learner adaptable to new environments and I am genuinely passionate about contributing to the growth of the company while growing my own career.,skills;problem solving;quick learner;adaptable;passionate
3,HR,What are your strengths?,My key strengths are strong analytical thinking good communication skills and the ability to work well in a team. I am also very consistent and disciplined when it comes to meeting deadlines.,analytical thinking;communication;teamwork;consistent;deadlines
4,HR,What are your weaknesses?,One area I am working on is public speaking. I used to feel nervous while presenting in front of large groups but I have been actively practicing and taking part in more presentations to improve this skill.,public speaking;nervous;practicing;improve;skill
5,HR,Where do you see yourself in five years?,In five years I see myself in a position of greater technical responsibility where I have grown into a subject matter expert and possibly mentor junior team members while continuing to contribute to impactful projects.,five years;responsibility;expert;mentor;contribute
6,HR,Why do you want to work for our company?,Your company has a strong reputation for innovation and a culture that encourages learning and growth. I am excited about the opportunity to work on meaningful projects and contribute to a team that values quality work.,reputation;innovation;culture;learning;contribute
7,HR,Describe a time you faced a conflict at work or in a team project.,During a group project we disagreed on the technical approach to take. I suggested we list the pros and cons of each approach and discuss them openly with the team lead which helped us reach a decision that everyone was comfortable with.,conflict;team;discuss;approach;decision
8,HR,How do you handle pressure or stressful situations?,I handle pressure by breaking down the task into smaller manageable steps and prioritizing what needs to be done first. I also make sure to stay organized and communicate clearly with my team when deadlines are tight.,pressure;prioritize;organized;communicate;deadlines
9,HR,What motivates you to do good work?,I am motivated by solving challenging problems and seeing the real impact of my work. Learning new skills and receiving constructive feedback also keeps me motivated to improve continuously.,motivated;challenging;impact;learning;feedback
10,HR,Do you prefer working independently or in a team?,I am comfortable working both independently and in a team depending on the task. For complex projects I enjoy collaborating with others because different perspectives often lead to better solutions.,independently;team;collaborate;perspectives;solutions
11,HR,How do you prioritize your tasks when you have multiple deadlines?,I prioritize tasks based on urgency and importance using a simple to do list or a priority matrix. I focus on high impact tasks first and communicate early if I foresee any delays.,prioritize;urgency;importance;impact;communicate
12,HR,Tell me about a mistake you made and what you learned from it.,In one project I underestimated the time needed for testing which caused a delay. I learned the importance of allocating sufficient time for testing and now I always add extra buffer time in my project plans.,mistake;underestimated;testing;learned;buffer time
13,HR,What are your salary expectations?,I am looking for a role where I can grow and contribute meaningfully and I am open to discussing a fair salary based on the industry standard and the responsibilities of the role.,salary;grow;contribute;industry standard;responsibilities
14,HR,Why are you leaving your current job or internship?,I am looking for new challenges and an opportunity to grow further in my career. I feel this role aligns much better with my long term goals and interests.,new challenges;opportunity;grow;career;goals
15,HR,How do you keep yourself updated with new technologies?,I regularly read technical blogs follow relevant communities online and take part in online courses. I also try to build small personal projects to practically apply new technologies that I learn.,updated;technologies;blogs;online courses;projects
16,Technical,What is the difference between a list and a tuple in Python?,A list is mutable meaning its elements can be changed after creation while a tuple is immutable meaning its elements cannot be changed once created. Lists use square brackets and tuples use parentheses.,list;tuple;mutable;immutable;brackets
17,Technical,What is the difference between SQL and NoSQL databases?,SQL databases are relational and use structured tables with fixed schemas while NoSQL databases are non relational and store data in flexible formats such as documents key value pairs or graphs. SQL is better for structured data and NoSQL is better for scalability and unstructured data.,SQL;NoSQL;relational;schema;scalability
18,Technical,Explain the concept of Object Oriented Programming.,Object oriented programming is a programming paradigm based on the concept of objects which contain data and methods. Its main principles are encapsulation inheritance polymorphism and abstraction which help make code more reusable and organized.,object;encapsulation;inheritance;polymorphism;abstraction
19,Technical,What is the time complexity of binary search?,Binary search has a time complexity of order log n because it repeatedly divides the search space in half. It requires the input array to be sorted for it to work correctly.,binary search;log n;divides;sorted;search space
20,Technical,What is a hash table and how does it work?,A hash table is a data structure that stores key value pairs and uses a hash function to compute an index into an array of buckets where the value can be found. It provides average constant time complexity for insertion search and deletion.,hash table;key value;hash function;index;constant time
21,Technical,What is the difference between process and thread?,A process is an independent program in execution with its own memory space while a thread is a smaller unit of execution within a process that shares memory with other threads of the same process. Threads are generally lighter weight than processes.,process;thread;memory;independent;lightweight
22,Technical,Explain the difference between supervised and unsupervised learning.,Supervised learning uses labeled data where the model learns to map inputs to known outputs while unsupervised learning uses unlabeled data where the model tries to find hidden patterns or groupings on its own such as clustering.,supervised;unsupervised;labeled;patterns;clustering
23,Technical,What is overfitting in machine learning and how can it be avoided?,Overfitting occurs when a model learns the training data too well including its noise so that it performs poorly on new unseen data. It can be avoided using techniques like cross validation regularization and using more training data.,overfitting;training data;noise;regularization;cross validation
24,Technical,What is the difference between GET and POST HTTP methods?,GET is used to request data from a server and appends parameters in the URL while POST is used to send data to a server usually in the request body making it more suitable for sensitive or large data.,GET;POST;request;URL;request body
25,Technical,What is normalization in database design?,Normalization is the process of organizing data in a database to reduce redundancy and improve data integrity by dividing large tables into smaller related tables and defining relationships between them.,normalization;database;redundancy;integrity;tables
26,Technical,What is the difference between an array and a linked list?,An array stores elements in contiguous memory locations allowing fast random access while a linked list stores elements as nodes connected through pointers which allows easier insertion and deletion but slower access time.,array;linked list;contiguous memory;pointers;insertion
27,Technical,What is version control and why is Git important?,Version control is a system that tracks changes to files over time allowing multiple people to collaborate without overwriting each others work. Git is important because it allows branching merging and maintaining a complete history of changes in a project.,version control;Git;track changes;branching;collaborate
28,Technical,What is an API and why is it useful?,An API or application programming interface is a set of rules that allows different software applications to communicate with each other. It is useful because it allows developers to reuse existing functionality without needing to understand the internal implementation.,API;communicate;rules;reuse;implementation
29,Technical,What is the difference between deep learning and machine learning?,Machine learning is a broader field that includes various algorithms that learn patterns from data while deep learning is a subset of machine learning that uses neural networks with multiple layers to automatically learn complex features from large amounts of data.,machine learning;deep learning;neural networks;layers;features
30,Technical,Explain what TF-IDF means in natural language processing.,TF-IDF stands for term frequency inverse document frequency and it is a statistical measure used to evaluate how important a word is to a document within a collection of documents by balancing how often a word appears against how common it is across all documents.,TF-IDF;term frequency;inverse document frequency;important;documents
31,Technical,What is cosine similarity used for?,Cosine similarity is a metric used to measure how similar two vectors are by calculating the cosine of the angle between them regardless of their magnitude and it is commonly used to compare text documents represented as vectors.,cosine similarity;vectors;angle;magnitude;compare
32,Technical,What is the purpose of stop word removal in text preprocessing?,Stop word removal eliminates common words such as the is and at that carry little meaningful information so that the analysis can focus on the words that are more important for understanding the content of the text.,stop word;common words;meaningful;analysis;preprocessing
33,Technical,What is stemming and lemmatization in NLP?,Stemming reduces a word to its root form by chopping off suffixes often producing a form that may not be a real word while lemmatization reduces a word to its proper base dictionary form using vocabulary and grammar rules making it more accurate but slower.,stemming;lemmatization;root form;suffixes;dictionary form
34,Technical,What is a confusion matrix used for?,A confusion matrix is a table used to evaluate the performance of a classification model by showing the counts of true positives true negatives false positives and false negatives allowing calculation of metrics like precision recall and accuracy.,confusion matrix;true positives;false positives;precision;recall
35,Technical,What is the difference between precision and recall?,Precision measures how many of the predicted positive results were actually correct while recall measures how many of the actual positive cases were correctly identified by the model. There is often a trade off between the two.,precision;recall;predicted;actual;trade off
36,Behavioral,Describe a situation where you had to learn something new quickly.,During a college project I had to learn a new web framework within a week to meet the deadline. I focused on the official documentation and built small practice examples which helped me understand the core concepts quickly and apply them to the project.,learn;quickly;documentation;practice;concepts
37,Behavioral,Tell me about a time you worked in a team to complete a project.,I worked with three teammates on a data analysis project where we divided the work based on individual strengths. I handled the data cleaning and visualization part and we had regular check ins to make sure everyone stayed aligned.,team;project;divided work;strengths;check ins
38,Behavioral,Describe a challenging problem you solved recently.,I encountered a bug in my code where the program was crashing intermittently. I solved it by carefully reviewing the logs adding debug statements and eventually identifying that it was caused by an unhandled edge case in the input data.,challenging problem;bug;logs;debug;edge case
39,Behavioral,Tell me about a time you had to meet a tight deadline.,I once had to complete an assignment within two days due to unexpected changes in requirements. I created a clear plan broke the work into smaller tasks and focused only on the essential features to deliver on time.,tight deadline;plan;tasks;essential;deliver
40,Behavioral,Describe a time you received constructive criticism.,A mentor once pointed out that my code lacked proper comments and documentation. I took the feedback positively and made it a habit to write clear comments and documentation for all my future projects.,constructive criticism;feedback;comments;documentation;habit
41,Behavioral,Tell me about a time you took initiative on a project.,During an internship I noticed that a manual data entry process was time consuming so I took the initiative to write a small script that automated the task and reduced the time significantly.,initiative;manual;automated;script;reduced
42,Behavioral,Describe a situation where you disagreed with your team lead or manager.,I once disagreed with a proposed technical approach and I respectfully shared my concerns along with an alternative solution supported by reasoning. We discussed it together and reached a decision that combined the best parts of both approaches.,disagreed;concerns;alternative;discussed;decision
43,Behavioral,Tell me about a goal you set for yourself and how you achieved it.,I set a goal to improve my problem solving skills by solving coding problems consistently. I dedicated time daily practiced on online platforms and tracked my progress which helped me improve significantly over a few months.,goal;consistently;practiced;progress;improve
44,Behavioral,Describe a time when you had to explain a technical concept to a non technical person.,I once explained how a database works to a non technical friend by comparing it to a organized filing cabinet where information is stored in labeled folders making it easy to find what you need quickly.,explain;technical concept;non technical;comparison;simple
45,Behavioral,Tell me about a time you failed at something.,I once failed to complete a project on time because I did not plan properly at the start. I learned from this experience the importance of creating a clear plan and setting smaller milestones before starting any project.,failed;plan;milestones;learned;experience
46,Domain,What is a variable in programming?,A variable is a named storage location in memory used to hold a value that can be changed during the execution of a program. It has a name a data type and a value associated with it.,variable;storage;memory;value;data type
47,Domain,What is recursion in programming?,Recursion is a technique where a function calls itself in order to solve a problem by breaking it down into smaller subproblems of the same type until a base case is reached that stops the recursive calls.,recursion;function;calls itself;subproblems;base case
48,Domain,What is the difference between compiler and interpreter?,A compiler translates the entire source code into machine code before execution producing an executable file while an interpreter translates and executes the code line by line without producing a separate executable file.,compiler;interpreter;machine code;execution;line by line
49,Domain,What is exception handling and why is it important?,Exception handling is a mechanism used to handle runtime errors gracefully using constructs like try and catch blocks so that the program does not crash unexpectedly and can respond appropriately to unexpected situations.,exception handling;runtime errors;try catch;crash;gracefully
50,Domain,What is the difference between a class and an object?,A class is a blueprint or template that defines the properties and behaviors that objects of that type will have while an object is a specific instance created from that class with actual values assigned to its properties.,class;object;blueprint;instance;properties
